{"stats":{"minecraft:broken":{"minecraft:wooden_shovel":2},"minecraft:custom":{"minecraft:mob_kills":1,"minecraft:interact_with_anvil":6,"minecraft:interact_with_crafting_table":11,"minecraft:bell_ring":1,"minecraft:leave_game":17,"minecraft:time_since_death":276937,"minecraft:sprint_one_cm":551618,"minecraft:walk_one_cm":712384,"minecraft:drop":331,"minecraft:target_hit":12,"minecraft:sneak_time":4326,"minecraft:walk_under_water_one_cm":5377,"minecraft:boat_one_cm":983,"minecraft:jump":1311,"minecraft:interact_with_brewingstand":2,"minecraft:walk_on_water_one_cm":10903,"minecraft:interact_with_furnace":5,"minecraft:play_one_minute":276937,"minecraft:time_since_rest":276937,"minecraft:damage_taken":2264,"minecraft:trigger_trapped_chest":8,"minecraft:damage_dealt":823,"minecraft:swim_one_cm":13154,"minecraft:fly_one_cm":1429367,"minecraft:player_kills":1,"minecraft:open_chest":81,"minecraft:crouch_one_cm":10419,"minecraft:fall_one_cm":22253},"minecraft:dropped":{"minecraft:oak_slab":64,"minecraft:wheat_seeds":70,"minecraft:tnt":6,"minecraft:diamond":89,"minecraft:crafting_table":64,"minecraft:activator_rail":1,"minecraft:grass_block":40,"minecraft:rail":5,"minecraft:coal":7,"minecraft:leather_helmet":1,"minecraft:stick":1,"minecraft:oxeye_daisy":8,"minecraft:dirt":31,"minecraft:milk_bucket":1,"minecraft:torch":1,"minecraft:cornflower":3,"minecraft:tnt_minecart":1,"minecraft:brown_wool":1,"minecraft:iron_axe":1,"minecraft:iron_pickaxe":1,"minecraft:iron_shovel":1,"minecraft:stone_brick_slab":24,"minecraft:oak_door":1,"minecraft:furnace":64,"minecraft:zombie_spawn_egg":1,"minecraft:lever":2,"minecraft:soul_torch":1,"minecraft:netherite_sword":3,"minecraft:birch_sapling":1,"minecraft:oak_planks":65,"minecraft:glass_pane":44,"minecraft:poppy":7,"minecraft:stone":2,"minecraft:wooden_shovel":1,"minecraft:oak_sapling":2,"minecraft:redstone_torch":4,"minecraft:stone_bricks":64,"minecraft:spider_eye":3,"minecraft:bow":2,"minecraft:powered_rail":8,"minecraft:wooden_pickaxe":1,"minecraft:horse_spawn_egg":1},"minecraft:crafted":{"minecraft:oak_door":3,"minecraft:brick_stairs":40,"minecraft:wooden_shovel":3,"minecraft:crafting_table":2,"minecraft:oak_stairs":4},"minecraft:picked_up":{"minecraft:crafting_table":65,"minecraft:flower_pot":1,"minecraft:wooden_pickaxe":1,"minecraft:oak_stairs":2,"minecraft:shield":1,"minecraft:cornflower":3,"minecraft:red_bed":2,"minecraft:iron_axe":1,"minecraft:iron_shovel":1,"minecraft:glass_pane":300,"minecraft:bucket":1,"minecraft:netherite_sword":3,"minecraft:redstone_torch":3,"minecraft:smooth_quartz":32,"minecraft:poppy":7,"minecraft:wooden_shovel":1,"minecraft:iron_pickaxe":1,"minecraft:chest":64,"minecraft:birch_sapling":1,"minecraft:furnace":64,"minecraft:tipped_arrow":78,"minecraft:stick":9,"minecraft:stone":1,"minecraft:oak_door":3,"minecraft:oak_fence":192,"minecraft:torch":2,"minecraft:tnt":6,"minecraft:brick_stairs":21,"minecraft:rail":4,"minecraft:cobblestone":102,"minecraft:oxeye_daisy":8,"minecraft:leather":4,"minecraft:oak_log":261,"minecraft:gray_concrete":29,"minecraft:dirt":375,"minecraft:apple":1,"minecraft:stone_bricks":457,"minecraft:bow":3,"minecraft:wheat_seeds":82,"minecraft:iron_ingot":1,"minecraft:powered_rail":7,"minecraft:oak_planks":623,"minecraft:oak_slab":64,"minecraft:stone_brick_slab":291,"minecraft:sand":2,"minecraft:grass_block":194,"minecraft:trapped_chest":2,"minecraft:spider_eye":2,"minecraft:leather_helmet":1,"minecraft:diamond":94,"minecraft:lever":7,"minecraft:granite":5,"minecraft:oak_sapling":5,"minecraft:coal":7,"minecraft:bricks":192,"minecraft:smooth_quartz_slab":11},"minecraft:mined":{"minecraft:oak_door":2,"minecraft:lever":1,"minecraft:grass_block":13,"minecraft:brick_stairs":22,"minecraft:oxeye_daisy":8,"minecraft:oak_trapdoor":1,"minecraft:oak_stairs":2,"minecraft:glass_pane":2,"minecraft:stone_brick_slab":8,"minecraft:cornflower":4,"minecraft:torch":3,"minecraft:poppy":9,"minecraft:tall_grass":39,"minecraft:oak_planks":35,"minecraft:wall_torch":1,"minecraft:tnt":4,"minecraft:grass_path":1,"minecraft:potted_poppy":2,"minecraft:grass":577,"minecraft:oak_log":6,"minecraft:stone_bricks":13,"minecraft:oak_leaves":3},"minecraft:used":{"minecraft:oak_fence":10,"minecraft:netherite_sword":68,"minecraft:iron_shovel":9,"minecraft:redstone":5,"minecraft:oak_sign":1,"minecraft:chest":4,"minecraft:stone":155,"minecraft:zombie_spawn_egg":7,"minecraft:wooden_shovel":128,"minecraft:oak_door":7,"minecraft:dirt":68,"minecraft:warped_door":2,"minecraft:milk_bucket":5,"minecraft:stone_brick_slab":51,"minecraft:grass_block":488,"minecraft:iron_axe":45,"minecraft:oak_stairs":5,"minecraft:brick_stairs":61,"minecraft:smooth_quartz":6,"minecraft:stone_bricks":265,"minecraft:bedrock":22,"minecraft:repeater":4,"minecraft:bow":29,"minecraft:oak_sapling":1,"minecraft:trapped_chest":8,"minecraft:light_blue_carpet":4,"minecraft:powered_rail":38,"minecraft:oak_planks":263,"minecraft:horse_spawn_egg":21,"minecraft:rail":42,"minecraft:sand":9,"minecraft:tnt":168,"minecraft:crafting_table":3,"minecraft:red_bed":1,"minecraft:redstone_torch":13,"minecraft:oak_log":27,"minecraft:lever":16,"minecraft:activator_rail":4,"minecraft:barrier":171,"minecraft:brown_wool":36,"minecraft:iron_pickaxe":50,"minecraft:tnt_minecart":7,"minecraft:detector_rail":1,"minecraft:crimson_sign":6,"minecraft:potion":3,"minecraft:glass_pane":23,"minecraft:repeating_command_block":11,"minecraft:soul_torch":10}},"DataVersion":2567}