{"stats":{"minecraft:broken":{"minecraft:iron_pickaxe":1},"minecraft:picked_up":{"minecraft:wooden_axe":1,"minecraft:crafting_table":2,"minecraft:splash_potion":1,"minecraft:leather_leggings":1,"minecraft:wooden_pickaxe":1,"minecraft:cornflower":2,"minecraft:string":4,"minecraft:glass_pane":31,"minecraft:oak_sign":5,"minecraft:diamond_leggings":1,"minecraft:wooden_shovel":1,"minecraft:poppy":1,"minecraft:light_gray_wool":1,"minecraft:egg":1,"minecraft:stick":1,"minecraft:diorite":50,"minecraft:redstone":104,"minecraft:stone_pressure_plate":2,"minecraft:tnt":5,"minecraft:arrow":9,"minecraft:rotten_flesh":8,"minecraft:mutton":5,"minecraft:obsidian":4,"minecraft:white_wool":1,"minecraft:cobblestone":466,"minecraft:leather_chestplate":1,"minecraft:cooked_beef":64,"minecraft:andesite":38,"minecraft:red_mushroom":18,"minecraft:oak_log":6,"minecraft:lily_pad":1,"minecraft:lapis_lazuli":57,"minecraft:dirt":140,"minecraft:leather_boots":1,"minecraft:bone":11,"minecraft:apple":1,"minecraft:bow":4,"minecraft:wheat_seeds":11,"minecraft:iron_ingot":322,"minecraft:stone_pickaxe":1,"minecraft:iron_ore":212,"minecraft:netherite_axe":19,"minecraft:iron_sword":1,"minecraft:oak_planks":23,"minecraft:milk_bucket":2,"minecraft:grass_block":2,"minecraft:diamond_block":5,"minecraft:gold_ore":13,"minecraft:dark_oak_log":5,"minecraft:spider_eye":3,"minecraft:diamond":2597,"minecraft:lever":8,"minecraft:granite":34,"minecraft:oak_sapling":4,"minecraft:coal":30,"minecraft:diamond_pickaxe":1},"minecraft:killed":{"minecraft:spider":3,"minecraft:skeleton":7,"minecraft:sheep":3,"minecraft:zombie":5,"minecraft:enderman":1},"minecraft:used":{"minecraft:netherite_sword":16,"minecraft:iron_shovel":5,"minecraft:oak_sign":14,"minecraft:chest":4,"minecraft:shield":9,"minecraft:stone":110,"minecraft:iron_sword":64,"minecraft:wooden_shovel":9,"minecraft:torch":26,"minecraft:dirt":38,"minecraft:milk_bucket":2,"minecraft:obsidian":575,"minecraft:wooden_axe":4,"minecraft:black_stained_glass_pane":234,"minecraft:grass_block":223,"minecraft:bedrock":7,"minecraft:bow":16,"minecraft:netherite_pickaxe":575,"minecraft:egg":198,"minecraft:cooked_beef":10,"minecraft:stone_pickaxe":33,"minecraft:oak_planks":711,"minecraft:wooden_pickaxe":31,"minecraft:diamond_block":2,"minecraft:tnt":4,"minecraft:crafting_table":1,"minecraft:light_blue_wool":70,"minecraft:lingering_potion":63,"minecraft:oak_log":30,"minecraft:lever":5,"minecraft:diamond_pickaxe":5,"minecraft:oak_button":9,"minecraft:iron_pickaxe":250,"minecraft:netherite_axe":4,"minecraft:polished_granite":220,"minecraft:iron_door":9,"minecraft:crimson_nylium":1,"minecraft:cobblestone":16,"minecraft:polished_blackstone_button":4},"minecraft:dropped":{"minecraft:iron_ingot":316,"minecraft:iron_sword":2,"minecraft:netherite_pickaxe":1,"minecraft:wheat_seeds":11,"minecraft:lapis_lazuli":57,"minecraft:cooked_beef":54,"minecraft:tnt":1,"minecraft:diamond":4113,"minecraft:crafting_table":1,"minecraft:netherite_axe":26,"minecraft:diamond_leggings":2,"minecraft:cobblestone":304,"minecraft:apple":1,"minecraft:granite":34,"minecraft:bedrock":1,"minecraft:polished_blackstone_button":1,"minecraft:grass_block":1,"minecraft:coal":30,"minecraft:red_mushroom":18,"minecraft:stick":4,"minecraft:dirt":56,"minecraft:diorite":18,"minecraft:torch":167,"minecraft:cornflower":1,"minecraft:mutton":5,"minecraft:wooden_axe":1,"minecraft:iron_shovel":1,"minecraft:bucket":2,"minecraft:white_wool":1,"minecraft:lever":6,"minecraft:diamond_block":133,"minecraft:obsidian":4,"minecraft:rotten_flesh":4,"minecraft:light_gray_wool":1,"minecraft:oak_planks":7,"minecraft:iron_boots":1,"minecraft:netherite_shovel":1,"minecraft:oak_sign":17,"minecraft:glass_pane":31,"minecraft:poppy":1,"minecraft:shield":1,"minecraft:diamond_chestplate":1,"minecraft:andesite":18,"minecraft:oak_sapling":1,"minecraft:stone_pressure_plate":2,"minecraft:spider_eye":2,"minecraft:arrow":9,"minecraft:bow":3,"minecraft:wooden_pickaxe":1,"minecraft:stone_pickaxe":1,"minecraft:egg":1},"minecraft:killed_by":{"minecraft:player":1},"minecraft:custom":{"minecraft:mob_kills":19,"minecraft:interact_with_anvil":6,"minecraft:interact_with_crafting_table":14,"minecraft:bell_ring":4,"minecraft:leave_game":14,"minecraft:time_since_death":13208,"minecraft:sprint_one_cm":1161719,"minecraft:walk_one_cm":756045,"minecraft:damage_blocked_by_shield":460,"minecraft:drop":1523,"minecraft:deaths":12,"minecraft:sneak_time":24679,"minecraft:walk_under_water_one_cm":5268,"minecraft:jump":3485,"minecraft:walk_on_water_one_cm":14098,"minecraft:interact_with_furnace":132,"minecraft:play_one_minute":422755,"minecraft:sleep_in_bed":2,"minecraft:time_since_rest":13209,"minecraft:damage_taken":5927,"minecraft:damage_dealt":3649,"minecraft:swim_one_cm":22754,"minecraft:fly_one_cm":2426884,"minecraft:open_chest":188,"minecraft:crouch_one_cm":38490,"minecraft:fall_one_cm":64471},"minecraft:crafted":{"minecraft:oak_planks":24,"minecraft:iron_boots":1,"minecraft:bow":1,"minecraft:diamond_leggings":1,"minecraft:dark_oak_planks":20,"minecraft:crafting_table":2,"minecraft:wooden_pickaxe":1,"minecraft:iron_sword":1,"minecraft:air":0,"minecraft:shield":1,"minecraft:stick":16,"minecraft:iron_ingot":212,"minecraft:iron_pickaxe":1,"minecraft:wooden_axe":1,"minecraft:iron_shovel":1,"minecraft:diamond_chestplate":1},"minecraft:mined":{"minecraft:diamond_ore":18,"minecraft:dark_oak_log":6,"minecraft:obsidian":2,"minecraft:lever":3,"minecraft:granite":34,"minecraft:grass_block":17,"minecraft:brown_mushroom_block":10,"minecraft:oak_wall_sign":5,"minecraft:redstone_ore":23,"minecraft:iron_ore":212,"minecraft:andesite":36,"minecraft:stone":467,"minecraft:crafting_table":1,"minecraft:mushroom_stem":15,"minecraft:tall_grass":5,"minecraft:oak_planks":21,"minecraft:lapis_ore":8,"minecraft:lily_pad":1,"minecraft:diorite":50,"minecraft:tnt":5,"minecraft:grass":40,"minecraft:oak_log":6,"minecraft:coal_ore":30,"minecraft:dirt":27,"minecraft:red_mushroom_block":20,"minecraft:gold_ore":13,"minecraft:oak_leaves":3}},"DataVersion":2567}