{"stats":{"minecraft:killed":{"minecraft:spider":2,"minecraft:skeleton":4,"minecraft:chicken":2,"minecraft:wolf":1,"minecraft:creeper":6,"minecraft:zombie":3},"minecraft:picked_up":{"minecraft:crafting_table":2,"minecraft:chicken":1,"minecraft:flower_pot":1,"minecraft:shield":1,"minecraft:string":3,"minecraft:iron_shovel":2,"minecraft:black_shulker_box":6,"minecraft:netherite_sword":56,"minecraft:redstone_torch":3,"minecraft:smooth_quartz":13,"minecraft:iron_pickaxe":1,"minecraft:birch_sapling":9,"minecraft:coal_block":2112,"minecraft:chest":2,"minecraft:tipped_arrow":1080,"minecraft:dark_oak_sapling":21,"minecraft:stick":69,"minecraft:sandstone":29,"minecraft:torch":10,"minecraft:target":2,"minecraft:diorite":1,"minecraft:stone_pressure_plate":7,"minecraft:arrow":195,"minecraft:rotten_flesh":3,"minecraft:obsidian":12,"minecraft:cobblestone":133,"minecraft:birch_log":5,"minecraft:feather":4,"minecraft:iron_door":4,"minecraft:andesite":21,"minecraft:flint":2,"minecraft:oak_log":28,"minecraft:gunpowder":10,"minecraft:dirt":318,"minecraft:red_carpet":1,"minecraft:bone":4,"minecraft:apple":15,"minecraft:stone_bricks":3,"minecraft:bow":5,"minecraft:wheat_seeds":32,"minecraft:iron_ingot":50,"minecraft:cooked_chicken":1,"minecraft:netherite_axe":4,"minecraft:oak_planks":33,"minecraft:gravel":4,"minecraft:sand":46,"minecraft:light_blue_shulker_box":4,"minecraft:grass_block":1,"minecraft:lily_of_the_valley":1,"minecraft:spider_eye":2,"minecraft:leather_helmet":1,"minecraft:diamond":3959,"minecraft:lever":2,"minecraft:granite":3,"minecraft:oak_sapling":56,"minecraft:smooth_quartz_slab":4,"minecraft:coal":30,"minecraft:diamond_pickaxe":5},"minecraft:crafted":{"minecraft:leather_leggings":4,"minecraft:leather_boots":3,"minecraft:diamond_block":448,"minecraft:diamond_helmet":1,"minecraft:diamond_leggings":1,"minecraft:diamond_boots":1,"minecraft:crafting_table":2,"minecraft:leather_helmet":2,"minecraft:shield":2,"minecraft:leather_chestplate":3,"minecraft:diamond_chestplate":1},"minecraft:custom":{"minecraft:mob_kills":18,"minecraft:interact_with_anvil":21,"minecraft:interact_with_crafting_table":19,"minecraft:fill_cauldron":6,"minecraft:open_shulker_box":14,"minecraft:bell_ring":14,"minecraft:leave_game":10,"minecraft:time_since_death":818032,"minecraft:climb_one_cm":38,"minecraft:sprint_one_cm":239286,"minecraft:walk_one_cm":2658027,"minecraft:drop":231,"minecraft:target_hit":13,"minecraft:sneak_time":18649,"minecraft:walk_under_water_one_cm":6958,"minecraft:jump":1626,"minecraft:interact_with_blast_furnace":2,"minecraft:walk_on_water_one_cm":40133,"minecraft:interact_with_furnace":44,"minecraft:play_one_minute":818032,"minecraft:pot_flower":12,"minecraft:time_since_rest":818032,"minecraft:damage_taken":1248,"minecraft:damage_dealt":3815,"minecraft:fly_one_cm":4193915,"minecraft:open_chest":155,"minecraft:crouch_one_cm":25525,"minecraft:aviate_one_cm":1208438,"minecraft:fall_one_cm":7646,"minecraft:inspect_dispenser":5},"minecraft:mined":{"minecraft:stone_pressure_plate":9,"minecraft:obsidian":9,"minecraft:light_blue_shulker_box":1,"minecraft:crafting_table":1,"minecraft:chest":4,"minecraft:oak_planks":42,"minecraft:iron_door":3},"minecraft:used":{"minecraft:oak_fence":192,"minecraft:oak_trapdoor":126,"minecraft:netherite_sword":63,"minecraft:iron_bars":33,"minecraft:flint_and_steel":4,"minecraft:smooth_quartz_slab":157,"minecraft:armor_stand":31,"minecraft:dispenser":5,"minecraft:oak_sign":47,"minecraft:chest":66,"minecraft:stone":369,"minecraft:bell":2,"minecraft:oak_door":5,"minecraft:torch":119,"minecraft:dirt":32,"minecraft:anvil":11,"minecraft:target":6,"minecraft:brick_slab":16,"minecraft:stone_stairs":7,"minecraft:golden_shovel":2,"minecraft:oak_fence_gate":17,"minecraft:obsidian":1654,"minecraft:milk_bucket":5,"minecraft:honey_bottle":48,"minecraft:bricks":236,"minecraft:black_stained_glass_pane":204,"minecraft:grass_block":7374,"minecraft:oak_stairs":200,"minecraft:brick_stairs":653,"minecraft:dark_oak_leaves":8,"minecraft:smooth_quartz":173,"minecraft:stone_brick_stairs":22,"minecraft:stone_bricks":1091,"minecraft:bedrock":1303,"minecraft:repeater":2,"minecraft:red_carpet":108,"minecraft:redstone_lamp":32,"minecraft:bow":44,"minecraft:iron_trapdoor":9,"minecraft:furnace":34,"minecraft:netherite_pickaxe":5,"minecraft:stone_pressure_plate":6,"minecraft:cooked_beef":1,"minecraft:observer":2,"minecraft:light_blue_shulker_box":4,"minecraft:spruce_door":2,"minecraft:oak_planks":2821,"minecraft:sandstone":27,"minecraft:black_shulker_box":6,"minecraft:redstone_block":2,"minecraft:cauldron":7,"minecraft:dark_oak_trapdoor":3,"minecraft:sand":517,"minecraft:tnt":58,"minecraft:oak_slab":52,"minecraft:crafting_table":15,"minecraft:white_bed":3,"minecraft:gray_concrete":240,"minecraft:stone_brick_wall":57,"minecraft:black_bed":3,"minecraft:dark_oak_door":2,"minecraft:redstone_torch":30,"minecraft:oak_log":156,"minecraft:lever":20,"minecraft:flower_pot":12,"minecraft:diamond_pickaxe":17,"minecraft:firework_rocket":13,"minecraft:diamond_shovel":1483,"minecraft:daylight_detector":31,"minecraft:dark_oak_log":1,"minecraft:stone_button":4,"minecraft:netherite_axe":76,"minecraft:spruce_trapdoor":2,"minecraft:iron_door":23,"minecraft:potion":1,"minecraft:chain":4,"minecraft:glass_pane":57,"minecraft:smooth_stone_slab":19,"minecraft:oak_boat":8,"minecraft:jukebox":1},"minecraft:dropped":{"minecraft:wheat_seeds":6,"minecraft:oak_log":4,"minecraft:diamond":1642,"minecraft:crafting_table":1,"minecraft:netherite_axe":3,"minecraft:apple":1,"minecraft:grass_block":2,"minecraft:coal_block":2112,"minecraft:stick":1,"minecraft:flint":1,"minecraft:dirt":123,"minecraft:iron_door":5,"minecraft:iron_pickaxe":1,"minecraft:iron_shovel":2,"minecraft:lever":2,"minecraft:netherite_sword":56,"minecraft:obsidian":12,"minecraft:oak_planks":15,"minecraft:honey_bottle":1,"minecraft:target":1,"minecraft:tipped_arrow":1050,"minecraft:shield":1,"minecraft:diamond_pickaxe":5,"minecraft:chest":3,"minecraft:oak_sapling":4,"minecraft:stone_pressure_plate":1,"minecraft:arrow":192,"minecraft:bow":5,"minecraft:stone_pickaxe":1,"minecraft:cooked_rabbit":14}},"DataVersion":2567}