{"stats":{"minecraft:custom":{"minecraft:mob_kills":35,"minecraft:interact_with_anvil":20,"minecraft:interact_with_crafting_table":11,"minecraft:fill_cauldron":1,"minecraft:open_shulker_box":7,"minecraft:bell_ring":36,"minecraft:leave_game":26,"minecraft:time_since_death":1726,"minecraft:sprint_one_cm":535719,"minecraft:walk_one_cm":1014397,"minecraft:drop":116,"minecraft:deaths":22,"minecraft:sneak_time":52309,"minecraft:walk_under_water_one_cm":11628,"minecraft:boat_one_cm":3813,"minecraft:interact_with_brewingstand":1,"minecraft:jump":3504,"minecraft:interact_with_blast_furnace":3,"minecraft:walk_on_water_one_cm":10220,"minecraft:interact_with_furnace":64,"minecraft:play_one_minute":873186,"minecraft:interact_with_loom":1,"minecraft:pot_flower":5,"minecraft:time_since_rest":1728,"minecraft:damage_taken":36,"minecraft:trigger_trapped_chest":3,"minecraft:damage_dealt":4876,"minecraft:interact_with_beacon":2,"minecraft:swim_one_cm":2123,"minecraft:fly_one_cm":9687778,"minecraft:open_chest":286,"minecraft:crouch_one_cm":89531,"minecraft:aviate_one_cm":1264047,"minecraft:fall_one_cm":775,"minecraft:inspect_dispenser":2},"minecraft:dropped":{"minecraft:iron_ingot":350,"minecraft:oak_slab":64,"minecraft:cooked_beef":64,"minecraft:oak_log":256,"minecraft:diamond":425,"minecraft:crafting_table":65,"minecraft:netherite_axe":3,"minecraft:oak_fence":192,"minecraft:apple":1,"minecraft:grass_block":192,"minecraft:leather_helmet":2,"minecraft:stick":1,"minecraft:dirt":176,"minecraft:red_bed":2,"minecraft:milk_bucket":1,"minecraft:black_stained_glass_pane":1,"minecraft:wooden_axe":1,"minecraft:smooth_quartz_slab":1,"minecraft:iron_axe":1,"minecraft:iron_pickaxe":1,"minecraft:iron_shovel":1,"minecraft:stone_brick_slab":256,"minecraft:oak_door":2,"minecraft:furnace":64,"minecraft:bricks":192,"minecraft:anvil":1,"minecraft:lever":4,"minecraft:netherite_sword":2,"minecraft:oak_planks":384,"minecraft:glass_pane":512,"minecraft:flint_and_steel":2,"minecraft:target":1,"minecraft:diamond_sword":1,"minecraft:leather_chestplate":1,"minecraft:tipped_arrow":78,"minecraft:shield":2,"minecraft:leather_boots":1,"minecraft:chest":64,"minecraft:wooden_shovel":2,"minecraft:leather_leggings":1,"minecraft:redstone_torch":1,"minecraft:stone_bricks":321,"minecraft:bow":2,"minecraft:wooden_pickaxe":2,"minecraft:splash_potion":1},"minecraft:crafted":{"minecraft:leather_leggings":2,"minecraft:leather_boots":2,"minecraft:leather_helmet":2,"minecraft:shield":1,"minecraft:leather_chestplate":2},"minecraft:picked_up":{"minecraft:wooden_axe":1,"minecraft:crafting_table":64,"minecraft:chicken":3,"minecraft:flower_pot":1,"minecraft:anvil":1,"minecraft:lead":4,"minecraft:diamond_sword":1,"minecraft:wooden_pickaxe":28,"minecraft:shield":1,"minecraft:cornflower":2,"minecraft:oak_trapdoor":1,"minecraft:iron_axe":1,"minecraft:flint_and_steel":2,"minecraft:item_frame":1,"minecraft:netherite_ingot":512,"minecraft:iron_shovel":29,"minecraft:oak_sign":1,"minecraft:glass_pane":256,"minecraft:activator_rail":1,"minecraft:tnt_minecart":1,"minecraft:netherite_sword":2,"minecraft:redstone_torch":8,"minecraft:poppy":8,"minecraft:wooden_shovel":1,"minecraft:smooth_quartz":12,"minecraft:iron_pickaxe":55,"minecraft:coal_block":64,"minecraft:blue_shulker_box":4,"minecraft:chest":1,"minecraft:birch_sapling":3,"minecraft:furnace":64,"minecraft:egg":3,"minecraft:tipped_arrow":18,"minecraft:stick":18,"minecraft:oak_door":3,"minecraft:torch":1,"minecraft:netherite_shovel":1,"minecraft:netherite_pickaxe":1,"minecraft:tnt":48,"minecraft:zombie_spawn_egg":1,"minecraft:rotten_flesh":3,"minecraft:gold_ingot":320,"minecraft:brick_stairs":1,"minecraft:rail":8,"minecraft:cobblestone":142,"minecraft:cooked_beef":3,"minecraft:feather":5,"minecraft:andesite":6,"minecraft:leather":14,"minecraft:oak_log":24,"minecraft:gunpowder":1,"minecraft:gray_concrete":25,"minecraft:dirt":1132,"minecraft:apple":5,"minecraft:bow":1,"minecraft:wheat_seeds":28,"minecraft:bell":1,"minecraft:iron_ingot":463,"minecraft:stone_pickaxe":27,"minecraft:netherite_axe":10,"minecraft:powered_rail":2,"minecraft:oak_planks":25,"minecraft:oak_slab":64,"minecraft:stone_brick_slab":1,"minecraft:black_stained_glass_pane":1,"minecraft:sand":78,"minecraft:grass_block":39,"minecraft:diamond_block":128,"minecraft:dark_oak_log":1,"minecraft:leather_helmet":1,"minecraft:diamond":3723,"minecraft:lever":7,"minecraft:gray_wool":1,"minecraft:horse_spawn_egg":1,"minecraft:emerald":256,"minecraft:oak_button":2,"minecraft:oak_sapling":23,"minecraft:coal":3,"minecraft:smooth_quartz_slab":4},"minecraft:mined":{"minecraft:oak_door":1,"minecraft:grass_path":3},"minecraft:killed":{"minecraft:spider":2,"minecraft:chicken":15,"minecraft:wolf":1,"minecraft:wandering_trader":3,"minecraft:creeper":2,"minecraft:trader_llama":5,"minecraft:zombie":4,"minecraft:villager":1,"minecraft:cow":1},"minecraft:used":{"minecraft:oak_fence":159,"minecraft:oak_trapdoor":164,"minecraft:netherite_sword":49,"minecraft:flint_and_steel":2,"minecraft:armor_stand":7,"minecraft:smooth_quartz_slab":419,"minecraft:dispenser":1,"minecraft:redstone":11,"minecraft:oak_sign":46,"minecraft:chest":177,"minecraft:stone":296,"minecraft:wooden_shovel":29,"minecraft:grass":27,"minecraft:player_head":3,"minecraft:oak_door":15,"minecraft:torch":18,"minecraft:dirt":558,"minecraft:brewing_stand":1,"minecraft:anvil":13,"minecraft:target":8,"minecraft:brick_slab":52,"minecraft:obsidian":1246,"minecraft:oak_fence_gate":41,"minecraft:milk_bucket":16,"minecraft:glass":1,"minecraft:stone_brick_slab":5,"minecraft:sea_lantern":207,"minecraft:chipped_anvil":1,"minecraft:bricks":266,"minecraft:villager_spawn_egg":1,"minecraft:black_stained_glass_pane":536,"minecraft:yellow_stained_glass":2,"minecraft:iron_block":12,"minecraft:grass_block":2189,"minecraft:oak_stairs":254,"minecraft:brick_stairs":745,"minecraft:dark_oak_leaves":4,"minecraft:light_blue_bed":2,"minecraft:smooth_quartz":1187,"minecraft:pink_wool":42,"minecraft:stone_brick_stairs":6,"minecraft:stone_bricks":38,"minecraft:item_frame":20,"minecraft:bedrock":72,"minecraft:repeater":1,"minecraft:red_carpet":12,"minecraft:redstone_lamp":37,"minecraft:bow":3,"minecraft:blue_shulker_box":4,"minecraft:furnace":34,"minecraft:white_stained_glass_pane":71,"minecraft:trapped_chest":1,"minecraft:egg":5,"minecraft:stone_pressure_plate":11,"minecraft:observer":23,"minecraft:light_blue_carpet":38,"minecraft:water_bucket":14,"minecraft:end_rod":7,"minecraft:birch_planks":3,"minecraft:oak_planks":4501,"minecraft:sandstone":174,"minecraft:cauldron":1,"minecraft:beacon":1,"minecraft:fletching_table":2,"minecraft:sheep_spawn_egg":1,"minecraft:sand":538,"minecraft:tnt":146,"minecraft:crafting_table":20,"minecraft:oak_slab":64,"minecraft:loom":1,"minecraft:red_bed":12,"minecraft:blast_furnace":3,"minecraft:stone_brick_wall":77,"minecraft:gray_concrete":156,"minecraft:infested_stone_bricks":32,"minecraft:dark_oak_door":5,"minecraft:sticky_piston":2,"minecraft:redstone_torch":2,"minecraft:oak_log":432,"minecraft:lever":19,"minecraft:flower_pot":5,"minecraft:apple":1,"minecraft:firework_rocket":4,"minecraft:daylight_detector":43,"minecraft:dark_oak_log":16,"minecraft:command_block":6,"minecraft:barrier":166,"minecraft:tnt_minecart":3,"minecraft:brown_wool":37,"minecraft:oak_button":2,"minecraft:netherite_axe":23,"minecraft:polished_granite":5,"minecraft:iron_door":47,"minecraft:blue_carpet":38,"minecraft:chiseled_stone_bricks":8,"minecraft:diamond_sword":1,"minecraft:coal_block":1,"minecraft:cobblestone":97,"minecraft:potion":3,"minecraft:polished_blackstone_button":2,"minecraft:grass_path":103,"minecraft:glass_pane":176,"minecraft:smooth_stone_slab":61,"minecraft:oak_boat":2,"minecraft:splash_potion":13}},"DataVersion":2567}